timestamp,pos_x,pos_y,pos_z,rot_w,rot_x,rot_y,rot_z,rpm_0,rpm_1,rpm_2,rpm_3
0.0,0.003216,1.954007,-0.001498,0.999998,0.000262,-0.00186,0.000286,2596.966954,2596.966954,2596.966954,2596.966954
0.02,0.003219,1.953534,-0.001501,0.999977,0.004628,-0.001964,0.004659,1848.483721,2968.650469,1849.815508,1890.336809
0.04,0.003248,1.951912,-0.001529,0.999877,0.010945,-0.002322,0.010968,1474.242776,2165.759561,1475.607705,2756.903312
0.06,0.003338,1.949295,-0.00162,0.99989,0.010261,-0.003104,0.010233,1292.097218,2486.062031,1289.636311,3419.134517
0.08,0.0035,1.946614,-0.001784,0.999983,0.003529,-0.004519,0.001377,1243.026026,3268.832407,1664.871867,3697.614744
0.1,0.003672,1.944401,-0.001981,0.999934,-6.7e-05,-0.006664,-0.009403,1185.023999,3684.144719,1801.687398,3140.690429
0.12,0.003766,1.942657,-0.002184,0.999825,0.005475,-0.009654,-0.015029,1218.23667,3869.108126,1452.890025,3177.645873
0.14,0.003731,1.941328,-0.002435,0.999648,0.014109,-0.01347,-0.017961,1414.600757,3350.649644,1276.546331,3547.598205
0.16,0.003542,1.940299,-0.002801,0.999417,0.019401,-0.017955,-0.021627,1631.33645,3322.836175,1194.324069,3471.037994
0.18,0.003181,1.939263,-0.003314,0.999168,0.021825,-0.023038,-0.025619,1393.962598,3091.258908,1273.611802,3223.118484
0.2,0.002628,1.937975,-0.003982,0.998885,0.023815,-0.028768,-0.028874,1343.083716,3306.725889,1201.449517,3139.040932
0.22,0.001854,1.936522,-0.004824,0.998573,0.026902,-0.035268,-0.02973,1298.216357,3371.918243,1151.183499,3206.698811
0.24,0.000853,1.934873,-0.005858,0.998247,0.029855,-0.042483,-0.028407,1522.445398,3181.887588,1145.007887,3145.384806
0.26,-0.000351,1.932703,-0.007086,0.997945,0.030059,-0.050175,-0.026182,1690.664899,2719.072578,1264.347938,2935.702901
0.28,-0.001753,1.930205,-0.008519,0.997646,0.026915,-0.058212,-0.024283,1974.775687,3008.588169,1797.766498,3154.738413
0.3,-0.003383,1.928206,-0.010175,0.997284,0.02246,-0.066677,-0.021763,2245.937282,3323.011126,2132.785105,3244.055364
0.32,-0.005226,1.926902,-0.012026,0.996809,0.018861,-0.075717,-0.016843,1875.78816,3414.462838,1795.018346,3197.073702
0.34,-0.007229,1.92611,-0.014034,0.996155,0.017018,-0.085418,-0.009485,1744.453894,3441.353367,1755.890704,3287.697007
0.36,-0.00932,1.925303,-0.016168,0.995317,0.014557,-0.095532,-0.00257,1990.709491,2486.112902,1921.129312,2813.396355
0.38,-0.011439,1.923779,-0.018392,0.994355,0.008351,-0.105766,0.001364,2099.288461,2139.753106,1952.521504,2628.000058
0.4,-0.013552,1.922042,-0.020677,0.993227,0.003415,-0.116022,0.005142,2521.659001,2895.000821,2813.149805,2364.032988
0.42,-0.01562,1.921103,-0.023004,0.991954,0.004933,-0.126138,0.00962,2864.433382,2742.779463,3245.375196,2552.63417
0.44,-0.017604,1.921128,-0.025387,0.990625,0.002815,-0.136224,0.009883,2884.95363,2309.890159,2383.419348,3323.995552
0.46,-0.019506,1.921571,-0.027805,0.989156,-0.003465,-0.146503,0.009741,2140.501595,3136.392267,2170.025836,2568.213962
0.48,-0.021324,1.922092,-0.030208,0.9875,-0.007343,-0.156857,0.013617,2603.441716,2606.283658,2502.299661,2481.23662
0.5,-0.023025,1.92281,-0.03257,0.985774,-0.009977,-0.167251,0.013285,2155.254061,2402.724471,2845.242604,2959.088891
0.52,-0.024599,1.923904,-0.03487,0.983995,-0.006638,-0.177627,0.012585,2493.491899,3213.127128,2671.543543,2154.092053
0.54,-0.026067,1.924945,-0.037137,0.982028,-0.000168,-0.188028,0.016314,2134.811318,2505.787441,1890.338117,2703.232306
0.56,-0.027416,1.925839,-0.039421,0.979948,-0.001203,-0.198736,0.014323,2506.048481,2195.942427,2156.621695,3369.09711
0.58,-0.028647,1.927056,-0.041715,0.977736,-0.00804,-0.209603,0.005778,2596.465159,2521.233542,2734.366512,2683.479219
0.6,-0.029808,1.929048,-0.043949,0.975386,-0.009584,-0.220286,0.002095,2945.222447,3270.441356,3103.406889,1988.854172
0.62,-0.030923,1.93199,-0.046102,0.972931,-0.005612,-0.230908,0.007506,2520.069109,3224.472509,2276.326125,2846.01296
0.64,-0.03196,1.935564,-0.048215,0.970228,-0.0089,-0.241787,0.010823,2742.282235,2236.592028,2063.452491,3472.746714
0.66,-0.032904,1.939068,-0.050278,0.967263,-0.02033,-0.252911,0.004976,2027.479619,2002.424554,2357.958912,2699.876592
0.68,-0.033775,1.942463,-0.052199,0.964151,-0.027513,-0.26392,-0.001636,2672.393862,2858.287465,3055.768518,1926.35364
0.7,-0.034596,1.945864,-0.053916,0.961194,-0.025496,-0.274693,0.000448,2133.05008,3018.070979,2353.411115,1817.78412
0.72,-0.035363,1.948899,-0.055461,0.958127,-0.02252,-0.285389,0.006202,2608.119279,2139.654203,2210.197501,2691.278894
0.74,-0.036039,1.951778,-0.056853,0.954845,-0.022996,-0.296165,0.005306,2397.425484,2005.749587,2779.38,2781.665082
0.76,-0.036618,1.954851,-0.058077,0.951493,-0.022535,-0.306814,0.00434,2906.852146,2861.294981,2696.224058,2030.909689
0.78,-0.037114,1.957714,-0.059154,0.948084,-0.01981,-0.317271,0.009176,2038.495653,2477.443877,2178.327422,2224.439586
0.8,-0.037507,1.960104,-0.06012,0.944509,-0.018352,-0.327862,0.00846,2381.469873,1868.21321,2476.053359,3059.101623
0.82,-0.037794,1.962574,-0.060967,0.940791,-0.017611,-0.338527,0.00106,2556.775952,2552.475746,2845.375557,2444.889801
0.84,-0.03802,1.965227,-0.061686,0.937043,-0.011227,-0.349035,-0.000358,2469.303992,3102.73299,2604.5098,1858.081375
0.86,-0.038216,1.967834,-0.062324,0.933162,-0.002916,-0.359439,0.001778,2497.837421,2189.693399,2382.163347,2727.728044
0.88,-0.038395,1.970507,-0.062942,0.929108,0.002103,-0.369797,-0.002085,2636.639902,2282.758199,2645.028695,2872.269051
0.9,-0.038593,1.97331,-0.063568,0.924926,0.004054,-0.380092,-0.00494,2769.806645,2756.601267,2228.685124,2171.652165
0.92,-0.03883,1.975727,-0.064208,0.920647,0.004959,-0.390364,0.000595,2392.217043,2602.666478,2200.963289,1853.027559
0.94,-0.039076,1.977646,-0.064884,0.916211,0.008259,-0.400529,0.008137,2300.428834,2221.495654,2698.169877,2442.080552
0.96,-0.039292,1.979583,-0.065644,0.911718,0.011654,-0.410573,0.008049,2570.677064,2120.590783,2637.424416,3070.149285
0.98,-0.039489,1.981779,-0.06652,0.907117,0.014732,-0.420592,0.00486,2435.836579,2892.909894,2514.073902,2436.834591
1.0,-0.039696,1.983869,-0.067513,0.902351,0.017159,-0.430608,0.006626,2742.125321,2398.273184,2270.759485,2089.593931
1.02,-0.039913,1.985561,-0.068636,0.897532,0.018668,-0.44046,0.009125,2493.481361,1990.244868,2753.731916,2242.80722
1.04,-0.04013,1.987133,-0.069913,0.892779,0.015173,-0.450148,0.009081,3178.466023,2068.76489,2323.593741,2570.278976
1.06,-0.040337,1.988887,-0.071334,0.888026,0.010138,-0.459626,0.007143,2417.995585,2374.256224,3140.751216,2314.629967
1.08,-0.040531,1.991151,-0.072865,0.88324,0.009167,-0.468812,0.004353,3062.228017,2486.40216,2984.601804,2472.211346
1.1,-0.04073,1.994102,-0.074493,0.878408,0.011496,-0.477767,0.002474,2580.558589,2667.511139,3100.998656,2372.992147
1.12,-0.040954,1.997116,-0.07621,0.873514,0.014937,-0.486569,0.001285,2696.662717,2190.567093,2247.421569,2319.366069
1.14,-0.041221,1.999882,-0.078022,0.86872,0.009737,-0.495206,-0.001356,3215.579527,1759.56382,2422.100311,2386.811574
1.16,-0.041538,2.00288,-0.079893,0.863969,-0.001871,-0.503494,-0.006865,3043.887908,2110.942066,3038.588486,2399.804225
1.18,-0.041899,2.006381,-0.081721,0.859168,-0.008813,-0.511495,-0.011235,2548.928817,2728.656336,3197.731132,2079.270276
1.2,-0.042301,2.009827,-0.083455,0.854405,-0.006142,-0.519461,-0.010726,2015.426811,2555.931806,2691.85751,1912.968634
1.22,-0.042744,2.012723,-0.085119,0.849579,0.003223,-0.527379,-0.00874,2265.115139,2195.471762,2666.745771,2247.978702
1.24,-0.043254,2.015207,-0.086769,0.844622,0.011475,-0.535111,-0.011749,2628.717726,1928.183269,2221.713096,2773.542085
1.26,-0.043874,2.017265,-0.088437,0.839728,0.00969,-0.542664,-0.016704,2992.142798,2293.971517,1746.045757,2164.995286
1.28,-0.044632,2.019129,-0.090091,0.834996,-0.002543,-0.549936,-0.018603,3185.01305,2149.700297,2626.39104,2148.745568
1.3,-0.045513,2.0215,-0.09163,0.830147,-0.018443,-0.556758,-0.023151,3014.569879,2135.765554,3129.453332,2752.555035
1.32,-0.046477,2.02435,-0.092926,0.825098,-0.029588,-0.563446,-0.029433,2157.970548,2754.728236,2882.466901,2323.556448
1.34,-0.0475,2.027039,-0.093921,0.820196,-0.030204,-0.570453,-0.030817,1813.713301,2766.752424,2776.848929,2042.112208
1.36,-0.048582,2.029339,-0.094621,0.815392,-0.021317,-0.577737,-0.030018,2244.542564,2191.123282,2863.865749,2231.887159
1.38,-0.049749,2.031181,-0.095078,0.810458,-0.012112,-0.584844,-0.031121,2736.276287,2038.374873,2198.904432,2320.712989
1.4,-0.051029,2.032274,-0.095354,0.805585,-0.010639,-0.591564,-0.031189,2732.076376,2167.627378,1872.653693,1891.770496
1.42,-0.052434,2.032928,-0.095437,0.800897,-0.018277,-0.597834,-0.028717,3153.369853,2215.639129,2432.360904,2259.363886
1.44,-0.053938,2.033831,-0.095251,0.796158,-0.030039,-0.603697,-0.027924,2837.80602,2175.932601,2967.708284,2565.377377
1.46,-0.055481,2.034876,-0.094734,0.791282,-0.037368,-0.609496,-0.031465,2442.37591,1961.601188,3075.944962,2289.647856
1.48,-0.057043,2.035756,-0.093853,0.786496,-0.036985,-0.615456,-0.03563,2332.994962,2446.850277,2925.456124,2073.613357
1.5,-0.058645,2.036496,-0.092589,0.781998,-0.030182,-0.621584,-0.034659,2352.35417,2768.917326,2705.076695,2078.123207
1.52,-0.060307,2.037045,-0.090989,0.777688,-0.023605,-0.627626,-0.027016,2598.471397,2748.410079,2019.312578,2284.100056
1.54,-0.062007,2.037121,-0.089141,0.773311,-0.024125,-0.633364,-0.016071,2579.105205,2382.397544,1712.788674,2417.35557
1.56,-0.063687,2.036722,-0.087093,0.768731,-0.027912,-0.638931,-0.006308,2323.33251,2304.523723,2519.334279,2543.830617
1.58,-0.065267,2.036254,-0.084848,0.764033,-0.02958,-0.644499,8.6e-05,2551.283809,2318.615377,2743.810816,2632.922144
1.6,-0.066691,2.035999,-0.082417,0.759357,-0.028913,-0.650014,0.004731,2692.30853,2440.579661,2877.545545,2391.130384
1.62,-0.067935,2.035825,-0.079834,0.754729,-0.028427,-0.655359,0.008983,2852.260222,2121.487401,2631.911566,2251.089972
1.64,-0.068992,2.035439,-0.077135,0.750153,-0.028117,-0.660569,0.011337,2530.97142,2049.092089,2747.139133,2291.822818
1.66,-0.069839,2.035019,-0.07433,0.745741,-0.02526,-0.665643,0.012321,2828.673088,2226.808984,3013.091539,2215.440462
1.68,-0.070471,2.034838,-0.071438,0.741512,-0.020029,-0.670508,0.013356,2786.225094,2305.452222,2947.219231,2273.018082
1.7,-0.070921,2.034624,-0.0685,0.737378,-0.012972,-0.675204,0.014314,2497.787596,2258.829138,2618.021969,2275.667366
1.72,-0.071232,2.034085,-0.065562,0.733217,-0.007722,-0.679789,0.014812,2726.174315,2251.184955,2301.03137,2320.273991
1.74,-0.071421,2.033369,-0.062655,0.729038,-0.006345,-0.684307,0.013721,2773.823242,2215.390085,2569.23529,2456.992952
1.76,-0.071493,2.032813,-0.059784,0.724907,-0.006274,-0.688738,0.010461,2778.894409,2376.53159,2790.568573,2527.674211
1.78,-0.071467,2.03253,-0.056936,0.720855,-0.005678,-0.693037,0.005945,2760.733215,2313.941088,2839.696274,2379.894478
1.8,-0.071374,2.032341,-0.054089,0.716872,-0.004671,-0.697188,0.001297,2680.112335,2355.429528,2670.308952,2309.453099
1.82,-0.071248,2.03218,-0.051222,0.71293,-0.003409,-0.701223,-0.002274,2623.281754,2503.731488,2677.959652,2357.477526
1.84,-0.071116,2.032145,-0.048324,0.709016,-0.001505,-0.705177,-0.004343,2628.212288,2543.82363,2678.21176,2427.466668
1.86,-0.070998,2.032233,-0.045394,0.705105,-0.000414,-0.709088,-0.004543,2616.761051,2655.524852,2428.803756,2455.862484
1.88,-0.070902,2.032346,-0.042435,0.701174,-0.001207,-0.712982,-0.003208,2557.008944,2555.644506,2426.107444,2499.241545
1.9,-0.070817,2.032434,-0.039452,0.697199,-0.001611,-0.716874,-0.001561,2350.816239,2561.090075,2549.02882,2567.476363
1.92,-0.070732,2.032554,-0.036452,0.693178,-0.000515,-0.720766,-0.000721,2493.610512,2504.644891,2549.110968,2633.971458
1.94,-0.070649,2.03284,-0.033445,0.689137,0.000494,-0.72463,-0.001272,2669.192463,2502.898495,2597.672183,2601.362438
1.96,-0.070576,2.03333,-0.030431,0.685089,0.000971,-0.728453,-0.002802,2594.230631,2525.329008,2577.338167,2586.122259
1.98,-0.070525,2.033916,-0.027407,0.68103,0.001249,-0.732241,-0.004497,2557.079671,2516.977859,2543.300065,2481.30466
2.0,-0.070505,2.034572,-0.024363,0.676957,0.001498,-0.735999,-0.00563,2550.410563,2580.132728,2564.803475,2521.354234
2.02,-0.070524,2.03538,-0.021295,0.672866,0.002044,-0.739736,-0.006055,2562.877523,2598.983112,2603.340214,2542.161126
2.04,-0.070589,2.036352,-0.018201,0.668748,0.002851,-0.743463,-0.005498,2527.322917,2643.144632,2537.485048,2540.006222
2.06,-0.070701,2.037432,-0.015091,0.66459,0.003366,-0.747191,-0.003821,2518.662557,2629.309865,2467.22165,2545.612852
2.08,-0.070852,2.038605,-0.011976,0.660378,0.00341,-0.750924,-0.0014,2501.052104,2637.451563,2476.713242,2594.815337
2.1,-0.071031,2.039903,-0.00887,0.656107,0.003423,-0.754659,0.000906,2496.237966,2586.566846,2509.656548,2647.190139
2.12,-0.071227,2.04133,-0.005788,0.651782,0.003756,-0.758394,0.002296,2484.539271,2567.591651,2511.655789,2658.488136
2.14,-0.071435,2.042865,-0.00274,0.647411,0.004412,-0.762125,0.002408,2502.582013,2525.112354,2512.381361,2645.125904
2.16,-0.071658,2.044503,0.000272,0.643007,0.005256,-0.765841,0.0013,2531.627555,2531.311548,2537.624152,2612.571741
2.18,-0.071907,2.046256,0.003248,0.638577,0.006119,-0.769533,-0.000406,2560.08929,2546.320203,2551.337711,2562.377301
2.2,-0.072196,2.048115,0.006195,0.634123,0.006684,-0.773201,-0.001815,2560.448454,2584.210761,2527.208406,2513.56182
2.22,-0.072534,2.050047,0.009119,0.629643,0.006717,-0.776853,-0.002167,2542.992171,2602.493686,2506.528764,2488.714504
2.24,-0.072925,2.052048,0.012022,0.625126,0.00655,-0.780495,-0.001366,2504.989128,2609.314958,2527.822976,2529.831373
2.26,-0.073363,2.054152,0.014901,0.620566,0.006581,-0.784126,3.7e-05,2513.221981,2598.234383,2532.455189,2582.646888
2.28,-0.073843,2.056372,0.017746,0.615962,0.006792,-0.787745,0.001339,2512.237577,2571.203495,2519.080622,2606.083209
2.3,-0.074359,2.058687,0.020549,0.611313,0.007168,-0.791353,0.002099,2488.674453,2563.167299,2496.425931,2618.806253
2.32,-0.074911,2.061072,0.023304,0.606617,0.00765,-0.794954,0.00235,2492.726631,2568.744783,2491.426466,2597.38445
2.34,-0.0755,2.063525,0.026007,0.601874,0.008102,-0.798546,0.002571,2501.955478,2592.310135,2497.187476,2566.728724
2.36,-0.076129,2.066049,0.028654,0.597082,0.008409,-0.80213,0.0031,2505.866777,2595.173012,2493.076893,2566.807111
2.38,-0.076796,2.068644,0.031242,0.592242,0.008557,-0.805706,0.003798,2501.844399,2584.671223,2491.134027,2581.288443
2.4,-0.0775,2.071302,0.033765,0.587353,0.008662,-0.809273,0.004378,2487.096394,2573.129191,2486.217038,2594.084041
2.42,-0.078239,2.074009,0.036219,0.582414,0.008823,-0.812831,0.004753,2479.813334,2571.235494,2483.880492,2584.530668
2.44,-0.079014,2.076756,0.038601,0.577425,0.008989,-0.816378,0.005082,2489.810842,2575.161326,2484.80133,2569.172561
2.46,-0.079823,2.079541,0.04091,0.57239,0.009053,-0.819913,0.005448,2498.685694,2568.712499,2487.171173,2565.525855
2.48,-0.080666,2.082364,0.043142,0.567312,0.009006,-0.823434,0.005731,2499.004224,2555.402026,2488.64772,2568.719349
2.5,-0.081543,2.085217,0.045297,0.562194,0.008846,-0.826937,0.005825,2505.946692,2548.031701,2491.255257,2562.100397
2.52,-0.082451,2.088099,0.047374,0.557041,0.008498,-0.830421,0.005802,2517.158649,2546.651471,2496.722599,2546.256619
2.54,-0.083389,2.091011,0.049376,0.551857,0.007948,-0.833881,0.005764,2522.838358,2540.413016,2509.123507,2537.589858
2.56,-0.084354,2.093957,0.051305,0.546647,0.007294,-0.837312,0.005699,2529.541615,2528.751308,2525.084702,2533.578254
2.58,-0.085343,2.09694,0.053165,0.541418,0.006588,-0.84071,0.00558,2542.042048,2518.848676,2536.018548,2522.223087
2.6,-0.086352,2.099962,0.054959,0.536177,0.005784,-0.844068,0.005443,2555.051908,2510.380027,2544.496334,2507.854585
2.62,-0.087377,2.103024,0.056693,0.530931,0.004907,-0.847384,0.005296,2562.541945,2499.584911,2560.75952,2502.658616
2.64,-0.088412,2.106134,0.05837,0.525688,0.004071,-0.850653,0.005104,2571.055274,2490.113867,2577.544921,2497.380089
2.66,-0.089453,2.109298,0.059995,0.520454,0.003265,-0.853869,0.004897,2586.456592,2483.12395,2584.3656,2481.264508
2.68,-0.090496,2.112515,0.061574,0.515238,0.002377,-0.857031,0.004726,2601.046655,2474.588464,2591.457336,2468.490652
2.7,-0.091536,2.115792,0.06311,0.510045,0.001403,-0.860134,0.004561,2611.452161,2463.906903,2607.717804,2467.077846
2.72,-0.092567,2.119138,0.064609,0.504884,0.000433,-0.863176,0.004376,2618.728644,2456.82308,2622.098526,2459.064313
2.74,-0.093583,2.12255,0.066077,0.499761,-0.000491,-0.866153,0.004252,2619.331607,2451.59257,2625.536324,2442.525565
2.76,-0.094579,2.126017,0.067517,0.494679,-0.001342,-0.869064,0.004261,2618.904329,2444.316305,2629.483372,2436.112514
2.78,-0.095549,2.129538,0.068932,0.489642,-0.002069,-0.87191,0.004383,2621.065324,2440.431346,2634.228136,2436.527815
2.8,-0.096488,2.133112,0.070326,0.484653,-0.002661,-0.87469,0.004605,2621.508614,2440.916723,2633.129937,2435.439933
2.82,-0.09739,2.136737,0.071697,0.47971,-0.003135,-0.877407,0.00495,2616.741123,2442.859729,2628.57742,2434.203121
2.84,-0.098252,2.140406,0.073046,0.474814,-0.003481,-0.880063,0.005426,2610.7596,2445.553277,2623.941542,2438.938963
2.86,-0.099069,2.144119,0.074369,0.46996,-0.003701,-0.88266,0.005999,2606.811929,2449.62344,2616.780097,2446.718627
2.88,-0.099837,2.147871,0.075665,0.465146,-0.003823,-0.885201,0.006591,2600.883626,2449.66609,2606.440586,2454.180847
2.9,-0.100555,2.151653,0.076928,0.460368,-0.00386,-0.887691,0.007112,2593.728434,2447.189613,2597.078081,2458.701507
2.92,-0.10122,2.155455,0.078155,0.455624,-0.00384,-0.890132,0.007507,2589.933797,2447.083454,2588.718728,2459.111374
2.94,-0.101831,2.159268,0.079344,0.450913,-0.003822,-0.892526,0.007766,2589.366923,2447.613748,2582.941639,2457.631737
2.96,-0.102388,2.163088,0.080492,0.446235,-0.003844,-0.894873,0.007899,2588.878408,2446.831044,2582.552363,2455.257397
2.98,-0.10289,2.166912,0.081598,0.441591,-0.003895,-0.897173,0.007954,2588.944331,2445.238276,2586.617002,2448.186316
3.0,-0.103338,2.170733,0.082662,0.436984,-0.003962,-0.899425,0.008005,2589.867063,2440.109861,2589.607329,2436.957049
3.02,-0.103729,2.174543,0.083682,0.43242,-0.004054,-0.901627,0.008077,2593.815978,2430.970091,2591.271926,2429.281137
3.04,-0.104066,2.178337,0.08466,0.427902,-0.004191,-0.903779,0.008133,2599.529327,2422.124328,2594.213356,2423.845769
3.06,-0.104345,2.182106,0.085594,0.423433,-0.004383,-0.90588,0.008174,2600.816055,2416.136993,2596.832508,2414.037875
3.08,-0.104566,2.18584,0.086484,0.419018,-0.004639,-0.907929,0.008274,2597.40168,2411.820083,2594.751459,2400.503556
3.1,-0.104728,2.18952,0.087332,0.414657,-0.004995,-0.909925,0.008462,2596.71793,2404.048469,2588.806394,2395.122262
3.12,-0.104828,2.193134,0.088136,0.410352,-0.005502,-0.91187,0.008635,2598.203203,2394.076237,2581.84204,2396.416477
3.14,-0.104862,2.19667,0.088898,0.406103,-0.006171,-0.913765,0.008718,2594.0673,2387.7764,2580.097656,2390.925036
3.16,-0.104825,2.200113,0.089617,0.401912,-0.006945,-0.91561,0.00878,2585.631306,2383.893693,2582.127929,2378.429681
3.18,-0.104713,2.203448,0.090296,0.397784,-0.007774,-0.917403,0.008887,2586.620585,2375.567696,2584.056274,2370.921994
3.2,-0.10452,2.206672,0.090937,0.393721,-0.008672,-0.919145,0.008965,2596.92687,2363.691075,2586.737854,2369.669615
3.22,-0.104239,2.209783,0.091541,0.389729,-0.009642,-0.920836,0.008971,2598.758235,2358.677569,2593.56546,2360.871307
3.24,-0.103863,2.212775,0.092111,0.385812,-0.010608,-0.922472,0.009034,2592.19357,2357.392739,2601.182022,2346.894394
3.26,-0.103388,2.215636,0.092648,0.381974,-0.011502,-0.924056,0.009188,2593.788314,2342.423665,2600.910713,2343.777885
3.28,-0.102805,2.218357,0.093155,0.378221,-0.012349,-0.925587,0.009249,2605.240348,2323.385416,2599.180943,2341.607326
3.3,-0.102109,2.220927,0.093632,0.374555,-0.013211,-0.927065,0.009179,2607.544002,2319.391927,2603.054338,2322.978224
3.32,-0.101296,2.223331,0.094082,0.370982,-0.014128,-0.928488,0.00915,2605.274931,2316.118205,2604.032784,2302.264625
3.34,-0.100358,2.22556,0.094508,0.367506,-0.015137,-0.929853,0.009177,2614.870498,2301.400899,2605.867344,2300.125965
3.36,-0.09929,2.227614,0.094912,0.364133,-0.016267,-0.93116,0.009113,2628.124702,2288.125254,2613.070513,2296.972162
3.38,-0.098084,2.229485,0.095297,0.360868,-0.017525,-0.932409,0.009022,2626.496921,2281.985967,2620.913797,2268.872556
3.4,-0.096731,2.231147,0.095666,0.357723,-0.018882,-0.933592,0.009135,2620.992235,2267.368838,2625.164174,2239.093138
3.42,-0.095224,2.232587,0.096021,0.354708,-0.02029,-0.934709,0.009456,2637.111352,2243.890596,2638.705622,2233.2182
3.44,-0.093552,2.233804,0.096365,0.351831,-0.021669,-0.935761,0.009877,2640.68385,2229.711777,2649.585111,2225.965057
3.46,-0.091706,2.234758,0.096696,0.349099,-0.022891,-0.936747,0.010551,2602.865607,2219.894585,2633.536452,2192.464218
3.48,-0.089679,2.235381,0.097014,0.346516,-0.023863,-0.937668,0.0117,2577.90253,2200.557278,2615.941444,2164.694389
3.5,-0.087463,2.235643,0.097312,0.344088,-0.024514,-0.938524,0.01323,2597.445161,2171.146071,2632.215107,2165.351955
3.52,-0.085052,2.235542,0.097581,0.341826,-0.024754,-0.939318,0.014965,2603.22551,2148.035926,2642.303964,2150.532545
3.54,-0.082441,2.235018,0.097811,0.33973,-0.024588,-0.940046,0.017107,2548.313927,2151.588886,2596.997319,2108.655677
3.56,-0.079633,2.233994,0.097987,0.337794,-0.024062,-0.940702,0.019882,2521.317364,2145.171152,2570.425784,2102.97237
3.58,-0.076624,2.232462,0.098091,0.336017,-0.023024,-0.941298,0.022797,2559.681143,2084.261968,2596.754274,2143.334818
3.6,-0.073413,2.230449,0.098101,0.334405,-0.021299,-0.941855,0.025092,2578.400508,2057.473513,2599.610779,2167.956593
3.62,-0.070007,2.227937,0.097997,0.332948,-0.018769,-0.94237,0.027058,2479.387266,2150.285341,2556.555878,2166.747462
3.64,-0.06642,2.224919,0.097761,0.331626,-0.015292,-0.942829,0.029395,2447.732817,2213.538666,2542.407578,2209.647779
3.66,-0.062665,2.22144,0.097368,0.330411,-0.011502,-0.943259,0.030971,2591.797561,2118.676194,2491.719048,2278.712073
3.68,-0.058761,2.217568,0.096797,0.329296,-0.008112,-0.943706,0.030306,2635.528175,2118.219933,2515.957058,2311.343219
3.7,-0.054726,2.213522,0.096031,0.328286,-0.004081,-0.944121,0.0291,2518.461353,2453.37669,2693.698744,2410.44285
3.72,-0.050586,2.209486,0.095059,0.327354,0.001188,-0.944458,0.028924,2546.452967,2471.960074,2627.269416,2445.949818
3.74,-0.046381,2.205372,0.093874,0.326458,0.00557,-0.944806,0.02712,2694.889691,2283.457698,2360.124332,2499.795588
3.76,-0.042149,2.201153,0.092482,0.325591,0.007466,-0.945226,0.021977,2714.417746,2368.292448,2435.976961,2489.404142
3.78,-0.037916,2.197227,0.090895,0.324719,0.009431,-0.945602,0.017487,2523.143443,2830.323714,2846.950639,2636.731612
3.8,-0.033712,2.193783,0.089134,0.323824,0.012842,-0.945904,0.015451,2611.092474,2636.152213,2664.451271,2583.503745
3.82,-0.029565,2.190462,0.087221,0.322951,0.015235,-0.946222,0.011612,2656.404757,2358.242122,2308.985646,2612.537395
3.84,-0.025502,2.187119,0.085186,0.322092,0.016077,-0.946553,0.005954,2551.671129,2571.81674,2526.941309,2481.329977
3.86,-0.021552,2.184112,0.083057,0.321167,0.018082,-0.946845,0.003149,2483.96325,2851.402388,2873.104199,2618.250316
3.88,-0.017743,2.181551,0.080851,0.320211,0.020872,-0.947114,0.001843,2711.960385,2536.07534,2536.455786,2618.805456
3.9,-0.014087,2.179066,0.078579,0.319352,0.021204,-0.947394,-0.00303,2719.070769,2320.937816,2260.25719,2597.398577
3.92,-0.010602,2.176718,0.076278,0.318478,0.021186,-0.947659,-0.008127,2403.459701,2802.656042,2778.471735,2557.160104
3.94,-0.007317,2.174832,0.07398,0.317421,0.024629,-0.947933,-0.007809,2374.242912,2855.562884,2893.142239,2581.472996
3.96,-0.00425,2.17324,0.071678,0.316295,0.02968,-0.948175,-0.006373,2626.851314,2428.671945,2410.607863,2671.897753
3.98,-0.001416,2.171579,0.069354,0.315347,0.032043,-0.948382,-0.010012,2771.336546,2242.875645,2193.17942,2572.416894
4.0,0.00115,2.169991,0.067027,0.314438,0.033032,-0.948589,-0.014735,2432.53546,2797.087115,2709.69347,2557.262036
4.02,0.003401,2.168832,0.064728,0.313263,0.036813,-0.948848,-0.014061,2340.001861,2897.874612,2868.411188,2578.957434
4.04,0.005319,2.167973,0.062443,0.311977,0.041574,-0.949105,-0.011885,2642.925857,2498.995778,2355.716458,2686.593951
4.06,0.006902,2.167077,0.060148,0.310935,0.042877,-0.949352,-0.014562,2782.417396,2300.605311,2168.847121,2582.199564
4.08,0.008127,2.166202,0.05786,0.309984,0.042067,-0.949626,-0.018735,2439.085041,2742.647626,2611.861427,2544.366994
4.1,0.008966,2.165608,0.055608,0.308764,0.043272,-0.949977,-0.01832,2325.65983,2846.127402,2797.998706,2540.155787
4.12,0.009421,2.16518,0.053389,0.307453,0.045093,-0.950349,-0.016619,2649.761312,2429.184184,2358.042993,2609.06471
4.14,0.009509,2.164647,0.051188,0.306411,0.043593,-0.950709,-0.019071,2764.269694,2311.161672,2233.522717,2508.158576
4.16,0.009227,2.164089,0.049025,0.305389,0.040649,-0.951124,-0.021154,2311.221029,2804.450587,2655.251471,2467.102725
4.18,0.008577,2.16368,0.046921,0.304087,0.039871,-0.951635,-0.018205,2340.487956,2724.544996,2712.132449,2498.899507
4.2,0.007584,2.163266,0.044859,0.302793,0.039094,-0.952118,-0.016106,2684.00411,2271.326453,2233.794496,2641.256883
4.22,0.006279,2.162639,0.042827,0.301755,0.034546,-0.952587,-0.018116,2716.954936,2390.13161,2269.421662,2350.577538
4.24,0.00468,2.16194,0.040846,0.300662,0.028696,-0.953141,-0.017372,2206.763601,2870.0077,2682.647843,2419.831982
4.26,0.002814,2.1614,0.038927,0.29937,0.024618,-0.953734,-0.012729,2493.164393,2608.14655,2596.177803,2635.836767
4.28,0.000731,2.16089,0.037048,0.298138,0.020898,-0.954222,-0.011697,2699.705976,2102.533907,2367.548252,2670.88042
4.3,-0.00152,2.160024,0.035206,0.296996,0.015249,-0.954665,-0.013226,2386.145468,2513.114122,2218.177935,2185.415613
4.32,-0.003904,2.15889,0.03342,0.295724,0.009619,-0.95518,-0.009278,2028.420024,2910.032403,2656.577737,2432.550946
4.34,-0.006382,2.157804,0.03168,0.294254,0.005786,-0.955708,-0.001821,2369.037527,2660.111782,2321.391957,2775.750449
4.36,-0.008909,2.156666,0.029943,0.292735,0.002353,-0.956191,0.00056,2644.528651,2053.063093,2342.707209,2747.656963
4.38,-0.011453,2.155333,0.028199,0.291221,-0.000235,-0.956655,-0.000968,2335.112897,2499.996879,2456.812589,2487.145742
4.4,-0.013998,2.154037,0.02646,0.289626,-0.001037,-0.957136,0.002449,2138.599906,3024.324489,2701.371382,2495.714228
4.42,-0.016528,2.152898,0.024703,0.287929,-0.00187,-0.957615,0.008243,2625.161281,2488.829908,2254.177818,2704.630918
4.44,-0.019026,2.151733,0.022894,0.286194,-0.003966,-0.958136,0.007232,2685.956129,2105.49314,2310.818767,2808.186187
4.46,-0.021479,2.15053,0.02104,0.284435,-0.004892,-0.958666,0.005611,2133.260535,2850.661731,2656.928182,2368.662734
4.48,-0.023883,2.149283,0.01915,0.282604,-0.00491,-0.959156,0.01141,2202.012103,2879.614557,2451.581279,2375.180977
4.5,-0.026226,2.147916,0.017188,0.280656,-0.005376,-0.959647,0.016752,2513.462595,2303.860013,2148.55834,2847.177524
4.52,-0.028498,2.146247,0.015125,0.278653,-0.00698,-0.960265,0.013965,2672.596776,1983.376357,2163.980708,2591.828752
4.54,-0.030693,2.144362,0.01298,0.276657,-0.008304,-0.960896,0.008419,2351.666735,2593.217353,2661.470212,2473.72004
4.56,-0.032804,2.142622,0.010784,0.274706,-0.006424,-0.961467,0.008744,2238.820672,2852.626011,2872.970458,2388.761998
4.58,-0.034847,2.140984,0.008533,0.27279,-0.002696,-0.961998,0.01173,2620.901425,2320.633806,2467.36206,2567.23781
4.6,-0.036846,2.139234,0.006205,0.270926,-0.00041,-0.962557,0.009173,2841.598418,2055.367928,2345.367553,2552.749398
4.62,-0.038822,2.137403,0.003811,0.269102,0.000386,-0.963093,0.005979,2421.260757,2722.582402,2661.854431,2231.464787
4.64,-0.040787,2.135659,0.001366,0.267272,0.001636,-0.963579,0.008846,2397.854011,2757.152041,2717.584442,2396.74631
4.66,-0.042745,2.134098,-0.001153,0.265408,0.002502,-0.964067,0.011265,2710.851932,2447.985688,2287.472641,2830.156114
4.68,-0.044698,2.132516,-0.003756,0.263607,0.000259,-0.964607,0.006741,2951.99579,1964.127427,2373.292961,2378.845452
4.7,-0.046639,2.130762,-0.006407,0.261925,-0.003831,-0.96508,0.001279,2480.269868,2532.747307,2737.120235,2132.082028
4.72,-0.048547,2.129103,-0.009065,0.260354,-0.00514,-0.965498,0.00175,2417.022507,2621.183346,3008.32147,2357.50305
4.74,-0.050412,2.127675,-0.011726,0.258853,-0.003983,-0.9659,0.004122,2657.886986,2436.601439,2542.999846,2624.854552
4.76,-0.052238,2.126205,-0.014407,0.257383,-0.004777,-0.966295,0.002423,2790.302014,2189.187377,2285.882247,2449.472808
4.78,-0.054025,2.124481,-0.017096,0.25598,-0.007988,-0.966649,-0.00107,2551.172735,2395.683288,2556.994102,2197.300918
4.8,-0.055754,2.122655,-0.019761,0.254694,-0.009803,-0.966969,-0.002466,2513.579288,2373.267181,2864.563579,2368.321358
4.82,-0.057414,2.120929,-0.022388,0.253568,-0.009804,-0.967261,-0.003595,2851.090913,2214.739426,2772.234549,2346.751621
4.84,-0.059004,2.119236,-0.024966,0.252604,-0.012483,-0.96747,-0.006161,2888.441941,2350.731651,2492.722255,2197.565142
4.86,-0.06051,2.117512,-0.027474,0.251835,-0.018744,-0.967561,-0.00736,2757.519188,2441.834331,2774.613813,2032.027322
4.88,-0.061885,2.115855,-0.029888,0.251301,-0.024702,-0.967573,-0.006361,2739.242871,2211.605154,2927.511374,2291.2235
4.9,-0.06308,2.114344,-0.032203,0.250971,-0.02774,-0.967586,-0.004576,2653.395117,2304.789393,2905.939891,2372.972224
4.92,-0.064072,2.112854,-0.034428,0.250791,-0.030887,-0.967546,-0.002047,2731.003589,2427.71684,2508.767309,2231.800809
4.94,-0.064841,2.111227,-0.036578,0.250712,-0.035911,-0.967395,0.000271,2687.561121,2234.409568,2631.547839,2291.337538
4.96,-0.065349,2.109432,-0.038662,0.250738,-0.039263,-0.967258,0.000958,2596.469159,2036.07246,2749.780145,2407.343818
4.98,-0.065565,2.107538,-0.040677,0.250948,-0.039607,-0.96719,0.000765,2700.525229,2175.694067,2880.658383,2239.42374
5.0,-0.065484,2.105571,-0.042623,0.251378,-0.03997,-0.967062,0.001785,2704.880046,2408.61632,2611.759489,2149.651445
5.02,-0.065101,2.103517,-0.044504,0.251952,-0.041534,-0.966841,0.003718,2654.381185,2351.768854,2656.895614,2350.181435
5.04,-0.064403,2.101364,-0.046332,0.252616,-0.04206,-0.96664,0.004903,2564.687785,2220.104764,2646.925834,2434.223286
5.06,-0.063392,2.099032,-0.048116,0.253385,-0.040761,-0.966494,0.004892,2622.234029,2157.642348,2697.12698,2305.128977
5.08,-0.062072,2.09658,-0.049856,0.254286,-0.038055,-0.966372,0.003885,2680.955516,2228.655891,2719.276747,2374.637853
5.1,-0.060455,2.094137,-0.05155,0.255325,-0.034283,-0.966245,0.002135,2728.206395,2268.236881,2774.466254,2339.086138
5.12,-0.058574,2.091673,-0.05319,0.256496,-0.031133,-0.966044,-0.000255,2791.540698,2272.366243,2608.824802,2245.246927
5.14,-0.056461,2.089142,-0.054767,0.257798,-0.029791,-0.965734,-0.003149,2778.316858,2292.362687,2675.702684,2230.256398
5.16,-0.054124,2.086679,-0.056258,0.25929,-0.028181,-0.965373,-0.005394,2713.804059,2335.008736,2897.129784,2316.140162
5.18,-0.051578,2.084372,-0.057647,0.260973,-0.024874,-0.965001,-0.00694,2718.978323,2304.735447,2811.095166,2367.379529
5.2,-0.048856,2.082064,-0.058932,0.262761,-0.022123,-0.964564,-0.00917,2714.335475,2349.546923,2480.273291,2344.946601
5.22,-0.045988,2.079672,-0.060104,0.264643,-0.021506,-0.96403,-0.012192,2741.162611,2353.743432,2610.991626,2290.093906
5.24,-0.042978,2.077438,-0.061133,0.266664,-0.020295,-0.963471,-0.014225,2643.91175,2486.699353,2920.949182,2447.933672
5.26,-0.039836,2.07547,-0.062003,0.268792,-0.01688,-0.962925,-0.015508,2666.009708,2379.660589,2738.279889,2495.021279
5.28,-0.036599,2.07349,-0.06272,0.270975,-0.014404,-0.96231,-0.018028,2676.110933,2390.715182,2356.059866,2383.575337
5.3,-0.033292,2.071408,-0.063273,0.273258,-0.014684,-0.961595,-0.021207,2732.259568,2419.606981,2598.562648,2286.97114
5.32,-0.029916,2.069531,-0.063626,0.275665,-0.014707,-0.960875,-0.022631,2604.678002,2599.132836,2899.011671,2485.16306
5.34,-0.026475,2.06795,-0.063761,0.278127,-0.012475,-0.960191,-0.02287,2609.000012,2419.562878,2709.900977,2546.214709
5.36,-0.02299,2.066347,-0.063697,0.280607,-0.01064,-0.959448,-0.02461,2610.389044,2395.494208,2315.435413,2463.62005
5.38,-0.019478,2.064589,-0.063431,0.283172,-0.011436,-0.958612,-0.027313,2697.650088,2430.548862,2523.802423,2284.202969
5.4,-0.01594,2.06297,-0.062926,0.285836,-0.012359,-0.957778,-0.028394,2562.875337,2626.796526,2834.225919,2513.522749
5.42,-0.012372,2.061606,-0.062165,0.288509,-0.010713,-0.957,-0.028259,2531.888352,2428.215524,2711.65312,2570.56594
5.44,-0.008788,2.06013,-0.061174,0.291184,-0.008973,-0.956186,-0.028981,2524.966637,2405.398045,2269.991111,2400.21046
5.46,-0.005201,2.058387,-0.05996,0.293942,-0.010079,-0.955295,-0.030122,2631.898846,2477.395678,2418.089428,2310.583257
5.48,-0.001608,2.056691,-0.058493,0.296753,-0.011555,-0.9544,-0.030399,2511.054159,2588.560388,2729.765051,2587.431888
5.5,0.002,2.055171,-0.056761,0.299519,-0.010372,-0.953549,-0.030416,2493.642558,2416.57182,2677.958819,2588.049684
5.52,0.005614,2.053466,-0.054789,0.302314,-0.009415,-0.952676,-0.030442,2517.966543,2435.532492,2282.166421,2235.969056
5.54,0.009228,2.051493,-0.052583,0.30521,-0.011232,-0.951753,-0.029772,2580.56103,2539.752208,2444.467488,2402.685212
5.56,0.012854,2.049579,-0.050124,0.308072,-0.011692,-0.950854,-0.028837,2370.944211,2513.04212,2727.708964,2704.198441
5.58,0.016497,2.047714,-0.047418,0.310896,-0.010505,-0.949985,-0.027594,2560.878478,2516.585635,2470.179189,2397.120705
5.6,0.020152,2.045619,-0.044495,0.313806,-0.011689,-0.949069,-0.025632,2542.295562,2454.836152,2325.288203,2272.179859
5.62,0.023829,2.043312,-0.041364,0.316709,-0.012396,-0.948151,-0.023474,2310.86531,2439.391221,2616.331723,2616.095545
5.64,0.027538,2.041163,-0.038019,0.319437,-0.007898,-0.947295,-0.023003,2371.93705,2489.648735,2726.858245,2926.751874
5.66,0.031248,2.039155,-0.034476,0.322074,-0.002474,-0.946424,-0.023327,2580.125019,2668.490872,2288.4738,2393.938986
5.68,0.034924,2.036841,-0.030767,0.324831,-0.003181,-0.945525,-0.021385,2573.327158,2628.545851,2054.914268,2071.651256
5.7,0.038575,2.03421,-0.026906,0.327596,-0.006647,-0.944624,-0.017938,2239.381963,2574.573218,2427.150982,2657.811712
5.72,0.042225,2.031659,-0.022892,0.33014,-0.005111,-0.94378,-0.016168,2148.707827,2541.114002,2636.724783,3025.283053
5.74,0.045869,2.029167,-0.018743,0.332515,-6.6e-05,-0.942965,-0.01582,2413.942659,2560.696039,2375.628016,2501.534227
5.76,0.049478,2.026377,-0.014485,0.334894,0.002198,-0.942143,-0.014418,2507.014786,2559.621457,2173.286054,2245.37893
5.78,0.053034,2.023479,-0.01013,0.337232,0.003426,-0.941321,-0.013326,2392.652291,2570.779845,2527.145591,2825.599743
5.8,0.056518,2.021064,-0.005673,0.339389,0.008562,-0.940485,-0.015134,2429.538181,2728.171172,2680.38383,3116.891546
5.82,0.059892,2.018976,-0.00112,0.341418,0.013492,-0.939658,-0.017168,2509.157885,2813.426773,2181.123312,2399.61539
5.84,0.063138,2.016528,0.003514,0.343454,0.012177,-0.938965,-0.015361,2381.066369,2730.999275,1945.660899,2104.642656
5.86,0.066267,2.013716,0.008219,0.345404,0.008745,-0.938343,-0.011511,2181.92857,2595.250004,2400.736333,2725.798501
5.88,0.069294,2.011027,0.012988,0.347163,0.009954,-0.937694,-0.010374,2263.960013,2519.314821,2596.783328,3064.213826
5.9,0.072215,2.008466,0.017808,0.348802,0.013598,-0.937034,-0.010967,2458.669948,2635.3089,2384.23639,2470.836893
5.92,0.075016,2.005709,0.022669,0.350421,0.013682,-0.93645,-0.008905,2505.719617,2715.53006,2197.613312,2217.400258
5.94,0.077696,2.002828,0.027556,0.35197,0.012715,-0.935907,-0.005814,2276.871283,2553.785538,2488.941422,2795.497859
5.96,0.080255,2.000226,0.032451,0.353368,0.015976,-0.935327,-0.006234,2320.297458,2636.71064,2532.438118,3138.929227
5.98,0.082671,1.997876,0.037348,0.354631,0.019952,-0.934763,-0.007558,2484.57036,2809.632542,2318.132267,2438.767775
6.0,0.08493,1.995354,0.042244,0.355814,0.019296,-0.934345,-0.004795,2445.078393,2770.580187,2148.980989,2203.196876
6.02,0.087044,1.992634,0.047121,0.356877,0.017128,-0.933994,-0.000635,2193.847363,2600.29046,2344.838395,2823.932422
6.04,0.089023,1.99007,0.051954,0.357815,0.018229,-0.933614,-0.000616,2345.382178,2563.511319,2433.045784,3113.51272
6.06,0.090856,1.987753,0.056739,0.358698,0.020859,-0.933213,-0.003674,2570.400806,2601.424971,2511.074894,2560.490735
6.08,0.09253,1.985406,0.061492,0.359544,0.020115,-0.932903,-0.00393,2556.489831,2784.996665,2277.050081,2152.846442
6.1,0.094051,1.982998,0.066214,0.360295,0.016976,-0.932684,0.000397,2354.383588,2732.96989,2572.35756,2492.387698
6.12,0.095443,1.980718,0.070883,0.360917,0.01666,-0.932439,0.004378,2224.269186,2563.354086,2439.710885,3010.577272
6.14,0.096722,1.978502,0.075472,0.361442,0.018196,-0.932196,0.006325,2417.11555,2634.743571,2361.877659,2581.028504
6.16,0.097886,1.97626,0.079964,0.361962,0.018479,-0.931981,0.007331,2661.328527,2412.561605,2460.391832,2530.336152
6.18,0.098933,1.974146,0.084348,0.362503,0.018006,-0.931779,0.007395,2548.51961,2649.014567,2572.097772,2628.286606
6.2,0.09986,1.972426,0.088614,0.36293,0.016945,-0.931608,0.010056,2526.283365,2985.31368,2586.831234,2608.322136
6.22,0.100684,1.97103,0.092747,0.363181,0.014199,-0.931476,0.015824,2459.56429,2782.24998,2344.239836,2619.301083
6.24,0.10145,1.969718,0.096721,0.363274,0.009866,-0.931395,0.020918,2377.8632,2683.121206,2179.308395,2838.90933
6.26,0.102201,1.968426,0.100515,0.363321,0.006773,-0.931384,0.021835,2350.321737,2352.379084,2442.832176,2887.320388
6.28,0.102961,1.967295,0.104124,0.363468,0.008101,-0.931394,0.018192,2489.555766,2385.278043,2762.982128,2816.396034
6.3,0.103713,1.966477,0.107565,0.363661,0.010752,-0.931351,0.014837,2726.136892,2720.175276,2668.523168,2320.584614
6.32,0.10443,1.965837,0.110857,0.363763,0.009135,-0.931297,0.016683,2667.444544,2844.204337,2425.265368,2147.475778
6.34,0.105131,1.965211,0.114,0.363749,0.004637,-0.93123,0.021804,2413.732404,2596.465938,2436.83996,2587.419286
6.36,0.105859,1.964566,0.116972,0.363686,0.001369,-0.931209,0.024067,2342.592642,2426.930845,2314.695981,2928.029955
6.38,0.106645,1.964035,0.119761,0.363671,0.001065,-0.931264,0.022141,2513.668025,2418.33908,2706.304777,2725.326379
6.4,0.107487,1.963845,0.122371,0.363808,0.004515,-0.931287,0.018101,2696.580228,2361.481796,2908.946578,2630.090069
6.42,0.10835,1.963886,0.124827,0.364015,0.00823,-0.931241,0.014703,2666.151198,2625.913383,2518.774559,2268.79296
6.44,0.109199,1.963868,0.127151,0.364149,0.007508,-0.931181,0.015509,2619.674232,2740.909206,2368.456371,2117.942928
6.46,0.11004,1.963764,0.129344,0.364194,0.003393,-0.931145,0.0179,2504.352253,2528.910047,2330.116125,2652.846464
6.48,0.110907,1.963649,0.131399,0.364201,-0.000193,-0.93117,0.016751,2394.440531,2414.390571,2404.644977,2848.681777
6.5,0.111822,1.963741,0.133327,0.364252,-0.000489,-0.931218,0.01238,2567.966603,2449.19675,2829.492288,2708.100044
6.52,0.112779,1.964279,0.135155,0.36441,0.002202,-0.931198,0.008392,2727.357447,2573.076769,2911.601247,2450.0322
6.54,0.113746,1.965066,0.136908,0.364621,0.004155,-0.931115,0.0077,2627.677625,2670.705499,2532.057337,2222.934008
6.56,0.114707,1.965891,0.138591,0.364816,0.004415,-0.931005,0.010953,2488.484198,2677.66586,2590.751325,2392.065514
6.58,0.115666,1.966764,0.140181,0.364976,0.004708,-0.930911,0.013268,2488.543613,2426.942915,2319.730155,2842.116009
6.6,0.116628,1.967668,0.141661,0.365124,0.005303,-0.930867,0.011918,2535.781084,2463.33657,2496.574306,2613.649801
6.62,0.117584,1.968734,0.143037,0.365348,0.007141,-0.93081,0.007988,2712.322793,2301.323192,2764.812788,2637.863719
6.64,0.118508,1.970075,0.144328,0.365663,0.009606,-0.930691,0.00358,2712.380635,2581.090673,2719.039817,2363.432104
6.66,0.119374,1.97152,0.145562,0.366015,0.00847,-0.930563,0.003665,2744.218516,2733.728564,2493.390026,1959.195422
6.68,0.120192,1.972874,0.146745,0.366357,0.003788,-0.930434,0.007832,2459.816289,2564.940454,2447.809759,2416.351251
6.7,0.121005,1.974136,0.147861,0.366662,0.000775,-0.930288,0.011069,2287.803408,2400.493176,2505.834689,2790.848965
6.72,0.121841,1.975425,0.148894,0.366996,0.00185,-0.930156,0.010938,2484.155122,2309.659186,2677.252183,2703.35124
6.74,0.122694,1.976813,0.149841,0.367414,0.004738,-0.930003,0.008883,2697.688035,2403.772464,2653.391106,2431.787193
6.76,0.123539,1.978281,0.150707,0.367867,0.004822,-0.92982,0.009258,2721.678246,2739.252321,2506.308102,2129.263225
6.78,0.124379,1.979873,0.151487,0.368296,0.001931,-0.929604,0.013838,2568.609265,2689.251405,2613.239988,2434.73171
6.8,0.125246,1.981596,0.152158,0.368684,-0.000748,-0.929388,0.017585,2454.022772,2458.173066,2383.063842,2839.922862
6.82,0.126167,1.983323,0.152704,0.369045,-0.001891,-0.929254,0.017005,2396.621127,2402.886826,2414.342346,2763.060796
6.84,0.127148,1.985104,0.153133,0.36946,-0.000364,-0.929164,0.012403,2592.746599,2256.823784,2713.46817,2694.364138
6.86,0.128169,1.987069,0.153467,0.369979,0.002888,-0.929009,0.007113,2701.189095,2514.296169,2786.687454,2295.796571
6.88,0.129193,1.989126,0.153738,0.37056,0.003333,-0.928779,0.006672,2744.318303,2725.907606,2548.933815,1940.698273
6.9,0.130215,1.99115,0.153948,0.371159,0.001046,-0.9285,0.011303,2483.662325,2581.169013,2603.222889,2336.7538
6.92,0.131261,1.993161,0.154074,0.371751,0.000401,-0.928206,0.015297,2374.970567,2393.740634,2470.619623,2824.459664
6.94,0.132346,1.995179,0.154088,0.372353,0.00191,-0.927959,0.015515,2512.608452,2384.066972,2503.85925,2664.425999
6.96,0.133462,1.997216,0.153985,0.373018,0.00407,-0.927737,0.012032,2682.531399,2259.309731,2552.235899,2606.294786
6.98,0.134584,1.999322,0.153782,0.373736,0.00528,-0.927489,0.007591,2672.709791,2582.785237,2600.167754,2326.685113
7.0,0.13569,2.001663,0.153501,0.374439,0.004726,-0.927205,0.007958,2584.547645,2904.241739,2698.066909,2314.229031
7.02,0.136787,2.004203,0.153143,0.375086,0.003468,-0.926913,0.011427,2455.883197,2564.97231,2431.880134,2646.295424
7.04,0.13789,2.006701,0.152695,0.375681,0.002688,-0.926671,0.011756,2396.468454,2400.015696,2279.774052,2818.777717
7.06,0.139006,2.009125,0.152158,0.376286,0.003548,-0.926468,0.007292,2519.265111,2243.209386,2566.506533,2670.138858
7.08,0.140115,2.011562,0.151558,0.376982,0.007067,-0.926194,0.000559,2619.057726,2283.750201,2818.220063,2401.562593
7.1,0.141176,2.01403,0.150931,0.37776,0.009737,-0.925848,-0.002702,2710.293145,2718.49534,2595.025803,1961.694749
7.12,0.142162,2.016489,0.150292,0.378574,0.008922,-0.925528,0.000672,2569.942959,2717.238393,2583.313683,2143.769738
7.14,0.143086,2.018929,0.14962,0.379359,0.007673,-0.925201,0.005537,2407.533491,2454.889338,2425.751446,2739.812115
7.16,0.14397,2.021241,0.14889,0.380121,0.007674,-0.924887,0.005801,2411.698753,2267.142057,2280.997427,2769.14739
7.18,0.144815,2.023405,0.148101,0.380925,0.008408,-0.924567,0.000361,2632.332653,2193.016585,2500.217586,2642.32577
7.2,0.145598,2.025633,0.147284,0.381814,0.010545,-0.924159,-0.006138,2644.129705,2453.023551,2900.666288,2265.001997
7.22,0.146286,2.027976,0.146477,0.38275,0.012149,-0.923752,-0.006075,2578.094516,2871.383724,2632.856581,1955.170066
7.24,0.14687,2.030312,0.145674,0.383643,0.012004,-0.923403,0.001028,2386.566057,2702.917692,2516.019843,2376.665721
7.26,0.147369,2.032657,0.144828,0.384465,0.012093,-0.923042,0.005768,2464.350777,2378.2368,2206.39957,3040.398534
7.28,0.147798,2.034924,0.14391,0.38529,0.01231,-0.92271,0.002676,2492.412327,2242.784172,2233.688066,2760.93999
7.3,0.148147,2.037049,0.14294,0.386166,0.013194,-0.92232,-0.00515,2580.228625,2255.425533,2621.296182,2533.612329
7.32,0.148383,2.039226,0.141966,0.387059,0.014899,-0.921878,-0.010186,2539.890435,2773.555052,2786.970967,2105.870923
7.34,0.14848,2.041495,0.141016,0.387907,0.015061,-0.921556,-0.005988,2471.140042,2951.458678,2557.340708,2056.250769
7.36,0.148451,2.043822,0.140061,0.388652,0.013304,-0.921285,0.002514,2449.615065,2639.551116,2334.220891,2730.999408
7.38,0.14833,2.046254,0.13905,0.389324,0.01104,-0.921021,0.005006,2494.150306,2391.947311,2113.134738,3128.714548
7.4,0.14814,2.048732,0.137972,0.389988,0.010069,-0.920765,-0.000506,2444.221027,2270.645897,2488.502183,2790.170018
7.42,0.147873,2.051222,0.136868,0.390656,0.012527,-0.920412,-0.008519,2459.597574,2403.803173,2779.131341,2490.619189
7.44,0.147491,2.053721,0.135784,0.39132,0.0152,-0.920054,-0.011748,2565.237508,2831.156836,2566.541867,1974.901147
7.46,0.146969,2.056165,0.134733,0.39197,0.01428,-0.919844,-0.006516,2491.967875,2858.161914,2461.824156,2119.497204
7.48,0.146327,2.058545,0.133685,0.392537,0.011786,-0.91966,0.000553,2372.000783,2496.653467,2264.712371,2822.822577
7.5,0.145604,2.060754,0.132602,0.393036,0.00957,-0.919472,0.001611,2368.97671,2283.41084,2105.646286,2879.828525
7.52,0.144817,2.062808,0.131483,0.393545,0.008253,-0.91926,-0.003818,2575.145948,2205.759985,2543.390037,2678.264482
7.54,0.143956,2.064899,0.130367,0.394111,0.009654,-0.918958,-0.010014,2544.175269,2439.326404,2920.190624,2258.335488
7.56,0.142997,2.066976,0.129288,0.394714,0.011259,-0.918689,-0.009224,2480.529529,2868.410028,2540.152441,1909.17342
7.58,0.141934,2.068943,0.128236,0.395265,0.010883,-0.918502,-0.00121,2358.226068,2739.654477,2444.806933,2403.851114
7.6,0.140789,2.070903,0.12716,0.395704,0.010402,-0.918307,0.004748,2411.759641,2447.020842,2163.511255,3050.251973
7.62,0.139584,2.072729,0.126024,0.396081,0.010005,-0.918153,0.003756,2356.581358,2331.456222,2139.887097,2760.292002
7.64,0.13832,2.074341,0.124836,0.396447,0.010413,-0.917998,-0.001169,2459.320831,2356.476158,2534.814764,2592.245122
7.66,0.136978,2.075911,0.123622,0.396827,0.011948,-0.917806,-0.004204,2532.756485,2627.193279,2741.168124,2144.322268
7.68,0.135541,2.077447,0.122398,0.397172,0.011881,-0.917667,6.8e-05,2450.379341,2903.438803,2433.918901,2115.634767
7.7,0.134021,2.078963,0.121135,0.397392,0.009332,-0.917566,0.008006,2424.489353,2673.350017,2269.614114,2726.867432
7.72,0.132458,2.080534,0.119787,0.397506,0.005639,-0.917518,0.010853,2485.620287,2434.388631,2102.103932,3048.286621
7.74,0.130886,2.082165,0.118345,0.397576,0.003158,-0.917538,0.006887,2385.287683,2378.610209,2505.843592,2835.594116
7.76,0.129309,2.083899,0.116843,0.397636,0.005124,-0.917528,0.001567,2314.501507,2559.139577,2802.093671,2572.772766
7.78,0.127701,2.085691,0.115309,0.397645,0.008039,-0.917503,0.001293,2471.173361,2896.059291,2435.632285,2152.85379
7.8,0.126043,2.087431,0.113739,0.397558,0.007667,-0.91752,0.006808,2459.103404,2767.478742,2331.120586,2412.895645
7.82,0.124352,2.089157,0.112098,0.397358,0.005214,-0.917582,0.011029,2466.156194,2513.806754,2156.492544,2919.941353
7.84,0.122657,2.090727,0.110368,0.397073,0.002199,-0.917739,0.00915,2316.500705,2329.651058,2109.523127,2802.576511
7.86,0.120972,2.092114,0.108571,0.396745,0.001329,-0.91792,0.003789,2329.229112,2438.916227,2635.584684,2633.836962
7.88,0.119287,2.093573,0.10674,0.396462,0.004052,-0.918042,0.000302,2545.865288,2534.017684,2894.864852,2253.528466
7.9,0.117576,2.095078,0.104891,0.396218,0.006546,-0.91813,0.002309,2553.88992,2765.594901,2482.401908,2142.372754
7.92,0.115827,2.096539,0.103004,0.395928,0.006759,-0.918222,0.008009,2471.344984,2631.78146,2413.515896,2521.905737
7.94,0.114055,2.097992,0.10104,0.395568,0.005588,-0.918353,0.011064,2521.455329,2458.843244,2172.232801,2874.255847
7.96,0.112276,2.099341,0.098985,0.395147,0.003479,-0.918571,0.008571,2397.185184,2394.723868,2214.987006,2756.083978
7.98,0.110497,2.100576,0.09686,0.39468,0.003398,-0.918802,0.004243,2265.694032,2538.177608,2645.311985,2581.657712
8.0,0.108706,2.101807,0.094692,0.394201,0.005698,-0.919002,0.003003,2470.098237,2657.858824,2661.77794,2270.967711
8.02,0.106885,2.103006,0.092483,0.393702,0.006942,-0.919192,0.006123,2526.426438,2685.936126,2437.133477,2314.045135
8.04,0.105035,2.104166,0.09021,0.393152,0.005862,-0.919412,0.008909,2551.445519,2487.913131,2239.489407,2752.912704
8.06,0.10317,2.105165,0.087861,0.39255,0.003155,-0.919705,0.006126,2436.133648,2295.063377,2095.372572,2783.662041
8.08,0.1013,2.106026,0.085463,0.39189,0.001855,-0.92001,0.000465,2275.884451,2572.194408,2631.610114,2616.670498
8.1,0.099415,2.107036,0.083053,0.391222,0.004533,-0.920279,-0.003342,2498.82931,2551.81156,2866.778812,2466.514204
8.12,0.097487,2.10818,0.080651,0.390574,0.008275,-0.920525,-0.004039,2551.92381,2662.070819,2522.939577,2324.835593
8.14,0.095489,2.109305,0.078252,0.389901,0.009328,-0.920808,-0.00153,2521.668814,2739.641366,2326.118348,2410.356029
8.16,0.093422,2.110321,0.075837,0.389171,0.007161,-0.921138,0.000259,2505.462459,2472.842534,2112.432953,2711.183019
8.18,0.091308,2.111104,0.073404,0.388375,0.002959,-0.921492,-0.003053,2416.880521,2356.251589,2104.876267,2770.725543
8.2,0.089163,2.111788,0.070985,0.387516,0.000149,-0.921821,-0.008796,2383.260573,2508.033998,2722.356957,2555.026102
8.22,0.086987,2.112626,0.068629,0.386675,0.000936,-0.922147,-0.011236,2490.571693,2634.9982,2891.179943,2295.287343
8.24,0.08477,2.113568,0.06635,0.385878,0.002482,-0.922507,-0.008565,2495.076008,2725.489701,2511.188849,2309.348994
8.26,0.08251,2.114562,0.064126,0.38505,0.002567,-0.922884,-0.00381,2502.348307,2656.381203,2387.714419,2654.154721
8.28,0.080221,2.115551,0.061924,0.384133,0.000917,-0.923275,-0.002007,2497.663655,2459.546803,2116.832185,2795.484343
8.3,0.077919,2.116372,0.059735,0.383114,-0.002102,-0.923691,-0.003792,2351.798014,2524.318689,2248.616166,2642.008041
8.32,0.07562,2.117074,0.05758,0.382031,-0.003692,-0.924119,-0.006507,2368.839681,2460.905805,2627.897805,2578.025139
8.34,0.073327,2.117815,0.055482,0.380978,-0.002818,-0.924548,-0.007679,2544.947428,2538.07363,2759.805592,2333.592892
8.36,0.071034,2.118618,0.053447,0.379991,-0.003074,-0.924973,-0.004701,2593.014852,2772.677318,2460.126429,2250.767515
8.38,0.068751,2.119467,0.051456,0.378988,-0.006147,-0.925381,0.000119,2557.9929,2583.13651,2367.264997,2632.928679
8.4,0.066513,2.120316,0.049484,0.377866,-0.010824,-0.925796,0.001385,2485.190908,2458.309832,2165.299368,2835.672592
8.42,0.064356,2.121151,0.047536,0.376637,-0.014617,-0.926245,-0.000692,2367.250605,2487.400033,2585.274074,2664.937248
8.44,0.062304,2.122079,0.045637,0.375431,-0.014221,-0.926737,-0.00269,2410.450132,2459.980534,2833.806104,2541.786739
8.46,0.060348,2.123099,0.043799,0.374311,-0.011224,-0.927232,-0.002462,2551.052703,2574.827914,2656.712256,2310.554747
8.48,0.058469,2.124117,0.04201,0.373236,-0.009811,-0.927684,0.0007,2564.013534,2679.130021,2400.083057,2376.706939
8.5,0.056663,2.12507,0.040246,0.372101,-0.010843,-0.928124,0.002861,2544.753349,2417.193673,2245.597803,2708.564895
8.52,0.05494,2.125832,0.038495,0.370846,-0.013036,-0.928603,0.000266,2426.628628,2345.176914,2197.717236,2707.773536
8.54,0.053308,2.126478,0.03678,0.369542,-0.01383,-0.929101,-0.004292,2417.040266,2479.563921,2709.183814,2513.879078
8.56,0.051766,2.127247,0.035137,0.368354,-0.011858,-0.929592,-0.005771,2587.686149,2571.328469,2896.908679,2229.728723
8.58,0.050297,2.128105,0.033569,0.36729,-0.009282,-0.930054,-0.003464,2552.606746,2569.025197,2562.216547,2343.237897
8.6,0.048886,2.128944,0.032053,0.366235,-0.007555,-0.930492,-0.000666,2538.29373,2503.453272,2428.04321,2588.921317
8.62,0.047526,2.129676,0.030565,0.365128,-0.006822,-0.930933,-3e-05,2489.054946,2414.623609,2288.407347,2595.545253
8.64,0.046214,2.130166,0.029096,0.363979,-0.007239,-0.931378,-0.00108,2459.383796,2445.214514,2354.224303,2448.231245
8.66,0.04495,2.130524,0.027656,0.362852,-0.007859,-0.931811,-0.002164,2569.699222,2444.051349,2634.768524,2432.351706
8.68,0.043738,2.13095,0.026253,0.3618,-0.007977,-0.932218,-0.002765,2654.326418,2448.242227,2694.734726,2418.362987
8.7,0.042577,2.131451,0.024894,0.360811,-0.008452,-0.932597,-0.00262,2588.272218,2541.112813,2542.030205,2429.386938
8.72,0.041473,2.131991,0.023579,0.359844,-0.009831,-0.932958,-0.00215,2585.562256,2517.543101,2516.342373,2516.39757
8.74,0.040434,2.132512,0.022307,0.358879,-0.011852,-0.933305,-0.002735,2567.914185,2397.643987,2466.903852,2520.54461
8.76,0.039472,2.132939,0.021088,0.357944,-0.014247,-0.933627,-0.003771,2551.962219,2447.746066,2564.525046,2368.784146
8.78,0.038604,2.133352,0.019936,0.357108,-0.016087,-0.93392,-0.002943,2576.420685,2494.320909,2765.192089,2313.474959
8.8,0.037849,2.133877,0.018851,0.356379,-0.016682,-0.934192,-0.000807,2625.315323,2432.564751,2701.299902,2490.841605
8.82,0.037216,2.134524,0.01782,0.355688,-0.016385,-0.934461,0.000226,2602.336983,2415.108059,2583.389087,2589.73135
8.84,0.036701,2.13504,0.016833,0.355018,-0.016638,-0.934711,0.000928,2485.964756,2442.474196,2395.581262,2270.563551
8.86,0.036298,2.135165,0.01588,0.354387,-0.017957,-0.934923,0.002448,2449.491533,2337.333778,2428.788922,2295.820105
8.88,0.036023,2.134986,0.014958,0.353786,-0.018736,-0.935134,0.003014,2502.451699,2273.685566,2539.131888,2507.347553
8.9,0.035892,2.134798,0.014066,0.353269,-0.017561,-0.935353,0.002661,2632.066304,2377.055795,2816.79922,2434.083444
8.92,0.035899,2.134622,0.013202,0.352882,-0.016039,-0.93552,0.00438,2586.698923,2533.965642,2584.060865,2159.443211
8.94,0.036032,2.134305,0.012349,0.352533,-0.016095,-0.935632,0.007408,2539.350682,2460.114047,2387.105262,2499.254321
8.96,0.036299,2.133888,0.011489,0.352117,-0.016935,-0.935773,0.007505,2541.95476,2361.494035,2362.103534,2715.073693
8.98,0.03671,2.133432,0.010621,0.351687,-0.016616,-0.935958,0.004728,2509.352136,2348.639596,2658.726572,2519.480816
9.0,0.037252,2.132935,0.009764,0.351355,-0.014123,-0.936131,0.002809,2494.981244,2454.561131,2726.7356,2300.143851
9.02,0.037905,2.132389,0.008923,0.351115,-0.010878,-0.936264,0.003113,2547.595602,2518.263598,2577.095583,2371.163356
9.04,0.038648,2.131888,0.00809,0.350893,-0.008011,-0.936376,0.003013,2628.141063,2456.773034,2514.372377,2632.960584
9.06,0.039459,2.13147,0.007258,0.350667,-0.005775,-0.936482,0.000308,2648.25913,2394.942914,2489.694245,2574.315253
9.08,0.040312,2.130877,0.00644,0.350475,-0.0055,-0.936553,-0.002171,2529.911914,2494.339255,2404.618363,2113.607273
9.1,0.041201,2.130083,0.005649,0.35036,-0.007025,-0.936587,-0.001709,2582.396264,2526.669994,2632.693337,2288.37224
9.12,0.042135,2.129278,0.00489,0.350287,-0.007883,-0.936609,-0.000688,2485.003552,2406.970251,2573.955189,2596.844079
9.14,0.043125,2.128477,0.004159,0.350198,-0.007468,-0.936644,-0.001859,2525.650336,2420.092059,2477.665583,2654.372967
9.16,0.044165,2.127754,0.003463,0.350135,-0.006314,-0.936671,-0.003555,2605.222263,2510.895639,2722.838162,2404.287192
9.18,0.045242,2.127088,0.00281,0.350159,-0.00485,-0.93667,-0.003823,2609.676317,2437.366276,2631.609633,2339.072795
9.2,0.046344,2.126421,0.002199,0.350225,-0.003588,-0.936649,-0.004301,2566.46621,2463.619906,2498.379157,2574.875753
9.22,0.04746,2.125917,0.001631,0.3503,-0.001769,-0.936616,-0.006126,2628.427319,2499.77028,2684.986942,2631.139293
9.24,0.048574,2.125506,0.001115,0.350417,-0.000117,-0.936563,-0.007582,2580.806189,2510.470711,2521.939028,2299.043279
9.26,0.04967,2.12482,0.00065,0.350584,-0.001004,-0.936501,-0.007429,2492.367816,2481.520146,2262.32541,2245.129672
9.28,0.050756,2.123839,0.000238,0.350763,-0.003516,-0.93643,-0.007229,2485.765939,2413.195498,2457.007431,2516.712785
9.3,0.051846,2.122779,-0.000111,0.35094,-0.004646,-0.936347,-0.008599,2495.09525,2345.528169,2623.342705,2585.892037
9.32,0.052946,2.121699,-0.000386,0.351164,-0.00438,-0.936262,-0.008779,2511.177386,2580.748093,2672.800137,2246.428318
9.34,0.054055,2.120638,-0.000586,0.351448,-0.004776,-0.936178,-0.005588,2562.761666,2649.541283,2530.101606,2408.32268
9.36,0.055185,2.119665,-0.00073,0.351701,-0.00581,-0.936089,-0.003238,2534.72202,2466.816784,2409.616477,2780.342858
9.38,0.056347,2.118701,-0.000832,0.351888,-0.006824,-0.936005,-0.004837,2537.387987,2370.232611,2385.17567,2651.374432
9.4,0.057545,2.117724,-0.000878,0.352065,-0.006804,-0.935916,-0.008119,2491.536401,2462.304782,2676.734442,2512.265707
9.42,0.058771,2.116919,-0.000844,0.352311,-0.004591,-0.935829,-0.008951,2572.114636,2620.896776,2864.94266,2344.234172
9.44,0.060006,2.116314,-0.00073,0.35262,-0.00164,-0.935739,-0.007085,2580.221991,2579.735619,2565.093522,2491.103414
9.46,0.061234,2.115806,-0.000557,0.352905,0.000622,-0.935635,-0.006724,2565.526279,2481.188244,2366.609139,2743.721141
9.48,0.062439,2.115295,-0.000335,0.35316,0.001569,-0.935523,-0.008546,2548.313188,2523.207403,2386.797245,2494.453222
9.5,0.063611,2.114684,-5.5e-05,0.353421,0.00159,-0.935411,-0.009843,2473.718606,2522.770816,2526.466128,2404.068408
9.52,0.064743,2.114068,0.000291,0.353701,0.001724,-0.9353,-0.010289,2570.524464,2517.038728,2593.843049,2510.43789
9.54,0.065833,2.113624,0.000711,0.354014,0.002324,-0.93518,-0.010388,2630.62356,2534.543656,2698.171402,2520.150342
9.56,0.066877,2.113203,0.001201,0.354369,0.001939,-0.935057,-0.009309,2538.879407,2551.092995,2394.787361,2308.191138
9.58,0.067884,2.112587,0.001751,0.354733,-0.000606,-0.934934,-0.007864,2494.449713,2490.458851,2322.146122,2519.343372
9.6,0.068874,2.111832,0.002359,0.355058,-0.00326,-0.9348,-0.00847,2448.333865,2379.547297,2455.069643,2657.925348
9.62,0.069864,2.111035,0.003037,0.355384,-0.003995,-0.934664,-0.009427,2466.745668,2487.440396,2722.580476,2392.111234
9.64,0.070856,2.110296,0.003795,0.355786,-0.003342,-0.934536,-0.006949,2560.67508,2617.318953,2738.080277,2267.393141
9.66,0.071853,2.109684,0.004614,0.356216,-0.001896,-0.934397,-0.00304,2521.058731,2503.48455,2554.670265,2673.187782
9.68,0.072855,2.109241,0.005463,0.356587,0.000325,-0.934257,-0.003131,2578.473213,2425.657314,2386.000172,2893.067157
9.7,0.073846,2.108794,0.006336,0.356927,0.001382,-0.934116,-0.005321,2531.204014,2565.099531,2394.337122,2305.792124
9.72,0.074815,2.108109,0.007241,0.357284,0.000752,-0.933982,-0.005065,2416.854082,2540.268271,2460.902448,2288.741521
9.74,0.075765,2.107242,0.008179,0.357624,0.000443,-0.933857,-0.003997,2401.547036,2470.877178,2466.20452,2608.06534
9.76,0.0767,2.106412,0.009146,0.357946,0.00154,-0.933733,-0.003964,2547.982014,2493.327383,2628.453456,2609.271196
9.78,0.077612,2.105623,0.010136,0.35829,0.002573,-0.933602,-0.002981,2551.663981,2574.733271,2524.454023,2297.692483
9.8,0.0785,2.104674,0.011141,0.358637,0.001428,-0.933476,-0.000553,2490.966634,2548.365415,2270.469199,2444.308766
9.82,0.079376,2.103548,0.012147,0.358934,-0.001099,-0.933362,0.000173,2454.772379,2426.779265,2328.187114,2692.751551
9.84,0.08026,2.102401,0.013156,0.359198,-0.002147,-0.933258,-0.001476,2446.509969,2444.299301,2630.377248,2638.301801
9.86,0.081155,2.101379,0.014181,0.359494,-0.000609,-0.933145,-0.001846,2514.771098,2587.587639,2798.727198,2368.114035
9.88,0.082049,2.100435,0.015219,0.359822,0.000821,-0.93302,0.001217,2546.565725,2673.804806,2464.570997,2353.883922
9.9,0.082942,2.099537,0.016246,0.360108,0.000733,-0.932902,0.004028,2534.545558,2525.915953,2360.742896,2768.2674
9.92,0.083841,2.098682,0.017245,0.36032,0.000151,-0.932825,0.002513,2486.417676,2445.698699,2272.728381,2807.638949
9.94,0.084744,2.097801,0.018225,0.360482,-8.2e-05,-0.932766,-0.000723,2421.958838,2566.324691,2561.544,2477.369035
9.96,0.085646,2.096971,0.019209,0.360665,0.001048,-0.932694,-0.001324,2513.730396,2590.327995,2753.768948,2362.666939
9.98,0.086536,2.096299,0.020199,0.360878,0.003654,-0.932606,-8e-06,2539.857263,2545.855038,2643.52632,2575.083348
